{
  "train": [
    0.9058684182393894,
    0.9060576274489585,
    0.9061664227444607,
    0.9066952624852062,
    0.9068418996226222,
    0.9068627126356749,
    0.9068863637868709,
    0.9071749078314638,
    0.9075315671915015,
    0.9074852109351571,
    0.9076148192437119,
    0.9075448118361713,
    0.9073773616857027,
    0.9076923950196352,
    0.907516430454736,
    0.9076829345591567,
    0.9074464230471954,
    0.9078021363611852,
    0.9079506655906969,
    0.9075826536780851
  ],
  "test": [
    0.823549144582355,
    0.83160013418316,
    0.8239964217823996,
    0.8288046516828804,
    0.8319355920831936,
    0.83160013418316,
    0.8276864586827687,
    0.8288046516828804,
    0.8275746393827574,
    0.8263446270826345,
    0.8281337358828134,
    0.8299228446829923,
    0.8246673375824667,
    0.8267919042826792,
    0.8288046516828804,
    0.8257855305825785,
    0.820530023482053,
    0.8271273621827128,
    0.8274628200827463,
    0.8272391814827239
  ]
}