{
  "test": [
    0.5360617242536062,
    0.5393044839539305,
    0.5442245331544224,
    0.5444481717544448,
    0.5431063401543106,
    0.5436654366543665,
    0.5442245331544224,
    0.5443363524544337,
    0.5443363524544337,
    0.5443363524544337,
    0.5444481717544448,
    0.5465727384546573,
    0.5459018226545902,
    0.5464609191546461,
    0.5463490998546349,
    0.5472436542547243,
    0.5454545454545454,
    0.5465727384546573,
    0.5467963770546796,
    0.5466845577546685
  ],
  "train": [
    0.5988376878256172,
    0.5939844716001706,
    0.5931027566835788,
    0.5926685215476178,
    0.592447146772422,
    0.5925181002260104,
    0.5924263337593694,
    0.592374301226738,
    0.5923411896150633,
    0.5924026826081733,
    0.5923847077332642,
    0.5923449737992547,
    0.5923156463717715,
    0.5923184845099151,
    0.5923828156411686,
    0.5922409087339917,
    0.5923024017271017,
    0.5923345672927284,
    0.5922910491745276,
    0.5923090240494365
  ]
}