{
  "train": [
    0.8906559977900365,
    0.9207818881376232,
    0.9268072554163501,
    0.9299329915584311,
    0.9318326520225045,
    0.9332886168901385,
    0.9349877155920687,
    0.9352630149919917,
    0.9367397928726783,
    0.9365543678473006,
    0.9378864006826668,
    0.937542985967299,
    0.9383915892722162,
    0.9386413454288474,
    0.9386914858693832,
    0.9394861645495732,
    0.939610096581841,
    0.9397472732587786,
    0.9397595718574006,
    0.9402486776641367
  ],
  "test": [
    0.8588840433858884,
    0.8809124454880912,
    0.8629095381862909,
    0.8768869506876887,
    0.8753214804875321,
    0.8650341048865035,
    0.8677177680867718,
    0.8810242647881025,
    0.8839315665883931,
    0.8778933243877893,
    0.8772224085877223,
    0.8667113943866711,
    0.8701777926870178,
    0.8870625069887063,
    0.8830370121883037,
    0.8711841663871184,
    0.8724141786872415,
    0.8459130045845913,
    0.866040478586604,
    0.8432293413843229
  ]
}